<?xml version="1.0" encoding="UTF-8"?>
<project-private xmlns="http://www.netbeans.org/ns/project-private/1">
    <editor-bookmarks xmlns="http://www.netbeans.org/ns/editor-bookmarks/2" lastBookmarkId="0"/>
    <open-files xmlns="http://www.netbeans.org/ns/projectui-open-files/2">
        <group>
            <file>file:/S:/Aut%20Work/Year%202/Programming%203/PDC%20Project/src/pdc/project/PDCProject.java</file>
            <file>file:/S:/Aut%20Work/Year%202/Programming%203/PDC%20Project/src/pdc/project/GUIControl.java</file>
            <file>file:/S:/Aut%20Work/Year%202/Programming%203/PDC%20Project/src/pdc/project/DataBaseIO.java</file>
            <file>file:/S:/Aut%20Work/Year%202/Programming%203/PDC%20Project/src/pdc/project/GUIModel.java</file>
            <file>file:/S:/Aut%20Work/Year%202/Programming%203/PDC%20Project/src/pdc/project/GUIView.java</file>
        </group>
    </open-files>
</project-private>
